Boston (MA), New York City (NY, CT, NJ)
New York City (NY, CT, NJ), Philadelphia (PA, NJ)
Philadelphia (PA, NJ), Baltimore (MD)
Baltimore (MD), FORT WASHINGTON (MD)
FORT WASHINGTON (MD), Charlotte (NC)
Charlotte (NC), Atlanta (GA)
New York City (NY, CT, NJ), Pittsburgh (PA)
FORT WASHINGTON (MD), Pittsburgh (PA)
Pittsburgh (PA), Columbus (OH)
Columbus (OH), Indianapolis (IN)
Indianapolis (IN), Saint Louis (MO, IL)
Saint Louis (MO, IL), Kansas City (MO, KS)
Kansas City (MO, KS), Denver (CO)
Kansas City (MO, KS), Oklahoma City (OK)
Oklahoma City (OK), Dallas (TX)
Dallas (TX), Houston (TX)
Houston (TX), New Orleans (LA)
New Orleans (LA), Memphis (TN, AR)
New Orleans (LA), Atlanta (GA)
Atlanta (GA), Jacksonville (FL)
Jacksonville (FL), Miami (FL)
New Orleans (LA), Jacksonville (FL)
Nashville (TN), Memphis (TN, AR)
Saint Louis (MO, IL), Nashville (TN)
Nashville (TN), Columbus (OH)
Columbus (OH), Chicago (IL)
Chicago (IL), Minneapolis (MN)
Denver (CO), Salt Lake City (UT)
Salt Lake City (UT), Las Vegas (NV)
Las Vegas (NV), Los Angeles (CA)
Los Angeles (CA), San Francisco (CA)
San Francisco (CA), Portland (OR)
Portland (OR), Seattle (WA)
Seattle (WA), Minneapolis (MN)
Los Angeles (CA), Phoenix (AZ)
Las Vegas (NV), Phoenix (AZ)
Phoenix (AZ), Albuquerque (NM)
Albuquerque (NM), Denver (CO)
Albuquerque (NM), Dallas (TX)
Dallas (TX), San Antonio (TX)
Oklahoma City (OK), Albuquerque (NM)
Atlanta (GA), Nashville (TN)
Kansas City (MO, KS), Minneapolis (MN)
Seattle (WA), Salt Lake City (UT)
Las Vegas (NV), Albuquerque (NM)
Las Vegas (NV), Denver (CO)
Memphis (TN, AR), Atlanta (GA)
Oklahoma City (OK), Memphis (TN, AR)
Oklahoma City (OK), Saint Louis (MO, IL)
Saint Louis (MO, IL), Memphis (TN, AR)
Chicago (IL), Saint Louis (MO, IL)
Houston (TX), San Antonio (TX)
